year,month,rank,name,country,score
2001,1,1,王励勤,中国,2218
2001,1,2,孔令辉,中国,2119
2001,1,3,马琳,中国,2075
2001,1,4,蒋澎龙,中国台北,2058
2001,1,5,刘国正,中国,2053
2001,1,6,刘国梁,中国,2052
2001,1,7,萨姆索诺夫,白俄罗斯,2021
2001,1,8,施拉格,奥地利,1993
2001,1,9,普里莫拉茨,克罗地亚,1963
2001,1,10,金泽洙,韩国,1949
2001,2,1,王励勤,中国,2278
2001,2,2,孔令辉,中国,2120
2001,2,3,马琳,中国,2075
2001,2,4,萨姆索诺夫,白俄罗斯,2064
2001,2,5,普里莫拉茨,克罗地亚,2052
2001,2,6,刘国正,中国,2052
2001,2,7,刘国梁,中国,2052
2001,2,8,蒋澎龙,中国台北,2043
2001,2,9,金泽洙,韩国,2000
2001,2,10,施拉格,奥地利,1986
2001,3,1,王励勤,中国,2278
2001,3,2,孔令辉,中国,2120
2001,3,3,马琳,中国,2075
2001,3,4,蒋澎龙,中国台北,2053
2001,3,5,刘国正,中国,2052
2001,3,6,刘国梁,中国,2052
2001,3,7,普里莫拉茨,克罗地亚,2031
2001,3,8,萨姆索诺夫,白俄罗斯,2025
2001,3,9,金泽洙,韩国,2000
2001,3,10,施拉格,奥地利,1989
2001,4,1,王励勤,中国,2361
2001,4,2,孔令辉,中国,2180
2001,4,3,马琳,中国,2131
2001,4,4,刘国正,中国,2099
2001,4,5,蒋澎龙,中国台北,2099
2001,4,6,萨姆索诺夫,白俄罗斯,2070
2001,4,7,金泽洙,韩国,2044
2001,4,8,刘国梁,中国,2040
2001,4,9,普里莫拉茨,克罗地亚,2021
2001,4,10,施拉格,奥地利,1998
2001,5,1,王励勤,中国,2313
2001,5,2,孔令辉,中国,2156
2001,5,3,马琳,中国,2101
2001,5,4,刘国正,中国,2081
2001,5,5,蒋澎龙,中国台北,2081
2001,5,6,萨姆索诺夫,白俄罗斯,2070
2001,5,7,普里莫拉茨,克罗地亚,2021
2001,5,8,刘国梁,中国,2010
2001,5,9,金泽洙,韩国,2005
2001,5,10,施拉格,奥地利,1998
2001,6,1,王励勤,中国,2310
2001,6,2,孔令辉,中国,2108
2001,6,3,马琳,中国,2096
2001,6,4,刘国正,中国,2080
2001,6,5,蒋澎龙,中国台北,2059
2001,6,6,萨姆索诺夫,白俄罗斯,2040
2001,6,7,施拉格,奥地利,1999
2001,6,8,普里莫拉茨,克罗地亚,1997
2001,6,9,金泽洙,韩国,1974
2001,6,10,刘国梁,中国,1955
2001,7,1,王励勤,中国,2274
2001,7,2,刘国正,中国,2128
2001,7,3,孔令辉,中国,2090
2001,7,4,马琳,中国,2084
2001,7,5,蒋澎龙,中国台北,2033
2001,7,6,萨姆索诺夫,白俄罗斯,2022
2001,7,7,普里莫拉茨,克罗地亚,1988
2001,7,8,施拉格,奥地利,1974
2001,7,9,M-塞弗,比利时,1968
2001,7,10,金泽洙,韩国,1956
2001,8,1,王励勤,中国,2274
2001,8,2,刘国正,中国,2128
2001,8,3,孔令辉,中国,2090
2001,8,4,马琳,中国,2084
2001,8,5,蒋澎龙,中国台北,2033
2001,8,6,萨姆索诺夫,白俄罗斯,2022
2001,8,7,普里莫拉茨,克罗地亚,1988
2001,8,8,施拉格,奥地利,1974
2001,8,9,M-塞弗,比利时,1968
2001,8,10,金泽洙,韩国,1954
2001,9,1,王励勤,中国,2291
2001,9,2,刘国正,中国,2117
2001,9,3,马琳,中国,2076
2001,9,4,蒋澎龙,中国台北,2068
2001,9,5,孔令辉,中国,2062
2001,9,6,金泽洙,韩国,2031
2001,9,7,萨姆索诺夫,白俄罗斯,2017
2001,9,8,普里莫拉茨,克罗地亚,1985
2001,9,9,刘国梁,中国,1963
2001,9,10,施拉格,奥地利,1932
2001,10,1,王励勤,中国,2264
2001,10,2,刘国正,中国,2120
2001,10,3,萨姆索诺夫,白俄罗斯,2052
2001,10,4,蒋澎龙,中国台北,2049
2001,10,5,孔令辉,中国,2048
2001,10,6,马琳,中国,2039
2001,10,7,金泽洙,韩国,2000
2001,10,8,施拉格,奥地利,1988
2001,10,9,刘国梁,中国,1963
2001,10,10,普里莫拉茨,克罗地亚,1955
2001,11,1,王励勤,中国,2317
2001,11,2,萨姆索诺夫,白俄罗斯,2126
2001,11,3,马琳,中国,2092
2001,11,4,刘国正,中国,2049
2001,11,5,孔令辉,中国,2030
2001,11,6,蒋澎龙,中国台北,2026
2001,11,7,金泽洙,韩国,1985
2001,11,8,刘国梁,中国,1983
2001,11,9,瓦尔德内尔,瑞典,1976
2001,11,10,施拉格,奥地利,1965
2001,12,1,王励勤,中国,2317
2001,12,2,萨姆索诺夫,白俄罗斯,2121
2001,12,3,马琳,中国,2092
2001,12,4,刘国正,中国,2049
2001,12,5,孔令辉,中国,2030
2001,12,6,蒋澎龙,中国台北,2026
2001,12,7,金泽洙,韩国,1985
2001,12,8,刘国梁,中国,1983
2001,12,9,瓦尔德内尔,瑞典,1976
2001,12,10,施拉格,奥地利,1975
2002,1,1,王励勤,中国,2309
2002,1,2,马琳,中国,2159
2002,1,3,萨姆索诺夫,白俄罗斯,2108
2002,1,4,蒋澎龙,中国台北,2041
2002,1,5,瓦尔德内尔,瑞典,2030
2002,1,6,刘国正,中国,2012
2002,1,7,孔令辉,中国,2012
2002,1,8,施拉格,奥地利,1997
2002,1,9,金泽洙,韩国,1978
2002,1,10,波尔,德国,1970
2002,2,1,王励勤,中国,2273
2002,2,2,马琳,中国,2159
2002,2,3,萨姆索诺夫,白俄罗斯,2113
2002,2,4,蒋澎龙,中国台北,2032
2002,2,5,波尔,德国,2017
2002,2,6,孔令辉,中国,2012
2002,2,7,刘国正,中国,2012
2002,2,8,瓦尔德内尔,瑞典,2006
2002,2,9,施拉格,奥地利,1973
2002,2,10,刘国梁,中国,1968
2002,3,1,王励勤,中国,2288
2002,3,2,马琳,中国,2180
2002,3,3,萨姆索诺夫,白俄罗斯,2103
2002,3,4,M-塞弗,比利时,2063
2002,3,5,孔令辉,中国,2052
2002,3,6,波尔,德国,2050
2002,3,7,刘国正,中国,2003
2002,3,8,瓦尔德内尔,瑞典,2000
2002,3,9,蒋澎龙,中国台北,1983
2002,3,10,施拉格,奥地利,1979
2002,4,1,王励勤,中国,2288
2002,4,2,马琳,中国,2180
2002,4,3,萨姆索诺夫,白俄罗斯,2119
2002,4,4,波尔,德国,2119
2002,4,5,孔令辉,中国,2052
2002,4,6,M-塞弗,比利时,2049
2002,4,7,施拉格,奥地利,2017
2002,4,8,瓦尔德内尔,瑞典,2013
2002,4,9,刘国正,中国,2003
2002,4,10,蒋澎龙,中国台北,1983
2002,5,1,王励勤,中国,2252
2002,5,2,马琳,中国,2152
2002,5,3,波尔,德国,2111
2002,5,4,萨姆索诺夫,白俄罗斯,2107
2002,5,5,M-塞弗,比利时,2043
2002,5,6,孔令辉,中国,2032
2002,5,7,施拉格,奥地利,2007
2002,5,8,瓦尔德内尔,瑞典,2005
2002,5,9,刘国正,中国,1991
2002,5,10,蒋澎龙,中国台北,1951
2002,6,1,王励勤,中国,2264
2002,6,2,马琳,中国,2122
2002,6,3,萨姆索诺夫,白俄罗斯,2107
2002,6,4,波尔,德国,2080
2002,6,5,孔令辉,中国,2029
2002,6,6,M-塞弗,比利时,2013
2002,6,7,瓦尔德内尔,瑞典,1995
2002,6,8,施拉格,奥地利,1983
2002,6,9,刘国梁,中国,1962
2002,6,10,刘国正,中国,1953
2002,7,1,王励勤,中国,2246
2002,7,2,马琳,中国,2196
2002,7,3,萨姆索诺夫,白俄罗斯,2132
2002,7,4,施拉格,奥地利,2086
2002,7,5,波尔,德国,2082
2002,7,6,孔令辉,中国,2062
2002,7,7,瓦尔德内尔,瑞典,2003
2002,7,8,M-塞弗,比利时,1997
2002,7,9,刘国梁,中国,1988
2002,7,10,金泽洙,韩国,1945
2002,8,1,王励勤,中国,2234
2002,8,2,马琳,中国,2196
2002,8,3,萨姆索诺夫,白俄罗斯,2132
2002,8,4,施拉格,奥地利,2086
2002,8,5,波尔,德国,2082
2002,8,6,孔令辉,中国,2062
2002,8,7,瓦尔德内尔,瑞典,2003
2002,8,8,M-塞弗,比利时,1997
2002,8,9,刘国梁,中国,1988
2002,8,10,金泽洙,韩国,1945
2002,9,1,王励勤,中国,2234
2002,9,2,马琳,中国,2165
2002,9,3,波尔,德国,2121
2002,9,4,施拉格,奥地利,2115
2002,9,5,萨姆索诺夫,白俄罗斯,2112
2002,9,6,孔令辉,中国,2038
2002,9,7,格林卡,希腊,2023
2002,9,8,M-塞弗,比利时,2015
2002,9,9,瓦尔德内尔,瑞典,1994
2002,9,10,庄智渊,中国台北,1943
2002,10,1,马琳,中国,2253
2002,10,2,王励勤,中国,2238
2002,10,3,波尔,德国,2212
2002,10,4,施拉格,奥地利,2119
2002,10,5,孔令辉,中国,2110
2002,10,6,萨姆索诺夫,白俄罗斯,2085
2002,10,7,庄智渊,中国台北,2084
2002,10,8,格林卡,希腊,2040
2002,10,9,M-塞弗,比利时,2022
2002,10,10,普里莫拉茨,克罗地亚,1997
2002,11,1,马琳,中国,2327
2002,11,2,波尔,德国,2268
2002,11,3,王励勤,中国,2201
2002,11,4,施拉格,奥地利,2197
2002,11,5,孔令辉,中国,2111
2002,11,6,萨姆索诺夫,白俄罗斯,2086
2002,11,7,庄智渊,中国台北,2064
2002,11,8,格林卡,希腊,2015
2002,11,9,M-塞弗,比利时,2004
2002,11,10,普里莫拉茨,克罗地亚,1998
2002,12,1,马琳,中国,2327
2002,12,2,波尔,德国,2268
2002,12,3,王励勤,中国,2201
2002,12,4,施拉格,奥地利,2197
2002,12,5,孔令辉,中国,2111
2002,12,6,萨姆索诺夫,白俄罗斯,2086
2002,12,7,庄智渊,中国台北,2064
2002,12,8,格林卡,希腊,2015
2002,12,9,M-塞弗,比利时,2004
2002,12,10,普里莫拉茨,克罗地亚,1998
2003,1,1,波尔,德国,2295
2003,1,2,马琳,中国,2294
2003,1,3,王励勤,中国,2184
2003,1,4,施拉格,奥地利,2175
2003,1,5,庄智渊,中国台北,2145
2003,1,6,孔令辉,中国,2113
2003,1,7,萨姆索诺夫,白俄罗斯,2089
2003,1,8,格林卡,希腊,2063
2003,1,9,M-塞弗,比利时,2006
2003,1,10,王皓,中国,2004
2003,2,1,波尔,德国,2301
2003,2,2,马琳,中国,2294
2003,2,3,王励勤,中国,2192
2003,2,4,施拉格,奥地利,2176
2003,2,5,庄智渊,中国台北,2164
2003,2,6,孔令辉,中国,2113
2003,2,7,萨姆索诺夫,白俄罗斯,2095
2003,2,8,王皓,中国,2082
2003,2,9,格林卡,希腊,2060
2003,2,10,普里莫拉茨,克罗地亚,2009
2003,3,1,波尔,德国,2301
2003,3,2,马琳,中国,2294
2003,3,3,王励勤,中国,2192
2003,3,4,庄智渊,中国台北,2164
2003,3,5,施拉格,奥地利,2144
2003,3,6,孔令辉,中国,2113
2003,3,7,萨姆索诺夫,白俄罗斯,2064
2003,3,8,王皓,中国,2046
2003,3,9,格林卡,希腊,2042
2003,3,10,普里莫拉茨,克罗地亚,2009
2003,4,1,波尔,德国,2283
2003,4,2,马琳,中国,2271
2003,4,3,王励勤,中国,2174
2003,4,4,施拉格,奥地利,2153
2003,4,5,庄智渊,中国台北,2147
2003,4,6,萨姆索诺夫,白俄罗斯,2114
2003,4,7,王皓,中国,2112
2003,4,8,孔令辉,中国,2089
2003,4,9,格林卡,希腊,2036
2003,4,10,普里莫拉茨,克罗地亚,1994
2003,5,1,波尔,德国,2276
2003,5,2,马琳,中国,2271
2003,5,3,萨姆索诺夫,白俄罗斯,2188
2003,5,4,王励勤,中国,2174
2003,5,5,庄智渊,中国台北,2147
2003,5,6,施拉格,奥地利,2125
2003,5,7,王皓,中国,2111
2003,5,8,孔令辉,中国,2089
2003,5,9,格林卡,希腊,2005
2003,5,10,普里莫拉茨,克罗地亚,1964
2003,6,1,施拉格,奥地利,2273
2003,6,2,马琳,中国,2259
2003,6,3,波尔,德国,2248
2003,6,4,萨姆索诺夫,白俄罗斯,2178
2003,6,5,王励勤,中国,2174
2003,6,6,孔令辉,中国,2123
2003,6,7,庄智渊,中国台北,2121
2003,6,8,王皓,中国,2113
2003,6,9,格林卡,希腊,2061
2003,6,10,蒋澎龙,中国台北,1939
2003,7,1,马琳,中国,2241
2003,7,2,波尔,德国,2236
2003,7,3,施拉格,奥地利,2232
2003,7,4,萨姆索诺夫,白俄罗斯,2178
2003,7,5,庄智渊,中国台北,2175
2003,7,6,王励勤,中国,2138
2003,7,7,孔令辉,中国,2111
2003,7,8,王皓,中国,2089
2003,7,9,格林卡,希腊,2061
2003,7,10,蒋澎龙,中国台北,1938
2003,8,1,波尔,德国,2236
2003,8,2,施拉格,奥地利,2208
2003,8,3,马琳,中国,2205
2003,8,4,萨姆索诺夫,白俄罗斯,2178
2003,8,5,庄智渊,中国台北,2157
2003,8,6,王励勤,中国,2129
2003,8,7,孔令辉,中国,2087
2003,8,8,王皓,中国,2081
2003,8,9,格林卡,希腊,2061
2003,8,10,蒋澎龙,中国台北,1938
2003,9,1,波尔,德国,2236
2003,9,2,施拉格,奥地利,2208
2003,9,3,马琳,中国,2205
2003,9,4,萨姆索诺夫,白俄罗斯,2178
2003,9,5,庄智渊,中国台北,2158
2003,9,6,王励勤,中国,2129
2003,9,7,孔令辉,中国,2087
2003,9,8,王皓,中国,2081
2003,9,9,格林卡,希腊,2061
2003,9,10,蒋澎龙,中国台北,1938
2003,10,1,马琳,中国,2351
2003,10,2,波尔,德国,2253
2003,10,3,王励勤,中国,2204
2003,10,4,萨姆索诺夫,白俄罗斯,2174
2003,10,5,施拉格,奥地利,2160
2003,10,6,庄智渊,中国台北,2142
2003,10,7,王皓,中国,2128
2003,10,8,孔令辉,中国,2127
2003,10,9,格林卡,希腊,2035
2003,10,10,吴尚垠,韩国,2003
2003,11,1,马琳,中国,2348
2003,11,2,王励勤,中国,2199
2003,11,3,波尔,德国,2191
2003,11,4,萨姆索诺夫,白俄罗斯,2128
2003,11,5,王皓,中国,2107
2003,11,6,施拉格,奥地利,2103
2003,11,7,庄智渊,中国台北,2085
2003,11,8,孔令辉,中国,2077
2003,11,9,格林卡,希腊,2061
2003,11,10,蒋澎龙,中国台北,1980
2003,12,1,马琳,中国,2357
2003,12,2,王励勤,中国,2339
2003,12,3,庄智渊,中国台北,2226
2003,12,4,王皓,中国,2163
2003,12,5,萨姆索诺夫,白俄罗斯,2128
2003,12,6,波尔,德国,2118
2003,12,7,格林卡,希腊,2073
2003,12,8,刘国正,中国,2046
2003,12,9,孔令辉,中国,2041
2003,12,10,施拉格,奥地利,2039
2004,1,1,马琳,中国,2325
2004,1,2,王励勤,中国,2311
2004,1,3,王皓,中国,2209
2004,1,4,庄智渊,中国台北,2193
2004,1,5,萨姆索诺夫,白俄罗斯,2123
2004,1,6,波尔,德国,2103
2004,1,7,刘国正,中国,2063
2004,1,8,陈玘,中国,2054
2004,1,9,格林卡,希腊,2052
2004,1,10,柳承敏,韩国,2033
2004,2,1,马琳,中国,2372
2004,2,2,王励勤,中国,2310
2004,2,3,王皓,中国,2263
2004,2,4,庄智渊,中国台北,2200
2004,2,5,萨姆索诺夫,白俄罗斯,2130
2004,2,6,陈玘,中国,2115
2004,2,7,格林卡,希腊,2069
2004,2,8,柳承敏,韩国,2054
2004,2,9,刘国正,中国,2051
2004,2,10,施拉格,奥地利,2047
2004,2,10,波尔,德国,2047
2004,3,1,马琳,中国,2372
2004,3,2,王励勤,中国,2329
2004,3,3,王皓,中国,2260
2004,3,4,庄智渊,中国台北,2140
2004,3,5,陈玘,中国,2112
2004,3,6,萨姆索诺夫,白俄罗斯,2099
2004,3,7,波尔,德国,2087
2004,3,8,施拉格,奥地利,2078
2004,3,9,柳承敏,韩国,2062
2004,3,10,格林卡,希腊,2051
2004,4,1,马琳,中国,2372
2004,4,2,王励勤,中国,2329
2004,4,3,王皓,中国,2261
2004,4,4,庄智渊,中国台北,2136
2004,4,5,陈玘,中国,2112
2004,4,6,萨姆索诺夫,白俄罗斯,2101
2004,4,7,波尔,德国,2079
2004,4,8,施拉格,奥地利,2079
2004,4,9,柳承敏,韩国,2062
2004,4,10,格林卡,希腊,2051
2004,5,1,马琳,中国,2372
2004,5,2,王励勤,中国,2328
2004,5,3,王皓,中国,2268
2004,5,4,庄智渊,中国台北,2136
2004,5,5,陈玘,中国,2115
2004,5,6,萨姆索诺夫,白俄罗斯,2082
2004,5,7,施拉格,奥地利,2075
2004,5,8,波尔,德国,2066
2004,5,9,柳承敏,韩国,2062
2004,5,10,格林卡,希腊,2051
2004,6,1,王励勤,中国,2442
2004,6,2,马琳,中国,2364
2004,6,3,王皓,中国,2286
2004,6,4,柳承敏,韩国,2193
2004,6,5,陈玘,中国,2144
2004,6,6,庄智渊,中国台北,2135
2004,6,7,施拉格,奥地利,2090
2004,6,8,孔令辉,中国,2085
2004,6,9,萨姆索诺夫,白俄罗斯,2074
2004,6,10,波尔,德国,2063
2004,7,1,王励勤,中国,2442
2004,7,2,马琳,中国,2364
2004,7,3,柳承敏,韩国,2295
2004,7,4,王皓,中国,2284
2004,7,5,庄智渊,中国台北,2199
2004,7,6,萨姆索诺夫,白俄罗斯,2171
2004,7,7,陈玘,中国,2144
2004,7,8,施拉格,奥地利,2135
2004,7,9,格林卡,希腊,2088
2004,7,10,孔令辉,中国,2085
2004,8,1,王励勤,中国,2442
2004,8,2,马琳,中国,2364
2004,8,3,柳承敏,韩国,2295
2004,8,4,王皓,中国,2284
2004,8,5,庄智渊,中国台北,2199
2004,8,6,萨姆索诺夫,白俄罗斯,2173
2004,8,7,陈玘,中国,2144
2004,8,8,施拉格,奥地利,2135
2004,8,9,格林卡,希腊,2088
2004,8,10,孔令辉,中国,2085
2004,9,1,王励勤,中国,2486
2004,9,2,柳承敏,韩国,2405
2004,9,3,王皓,中国,2364
2004,9,4,马琳,中国,2358
2004,9,5,庄智渊,中国台北,2236
2004,9,6,萨姆索诺夫,白俄罗斯,2163
2004,9,7,陈玘,中国,2146
2004,9,8,施拉格,奥地利,2145
2004,9,9,波尔,德国,2089
2004,9,10,格林卡,希腊,2081
2004,10,1,王励勤,中国,2503
2004,10,2,马琳,中国,2411
2004,10,3,王皓,中国,2408
2004,10,4,柳承敏,韩国,2373
2004,10,5,陈玘,中国,2287
2004,10,6,庄智渊,中国台北,2261
2004,10,7,萨姆索诺夫,白俄罗斯,2161
2004,10,8,施拉格,奥地利,2145
2004,10,9,孔令辉,中国,2123
2004,10,10,波尔,德国,2076
2004,11,1,王励勤,中国,2455
2004,11,2,王皓,中国,2417
2004,11,3,马琳,中国,2413
2004,11,4,柳承敏,韩国,2320
2004,11,5,陈玘,中国,2270
2004,11,6,庄智渊,中国台北,2235
2004,11,7,施拉格,奥地利,2175
2004,11,8,萨姆索诺夫,白俄罗斯,2160
2004,11,9,波尔,德国,2139
2004,11,10,孔令辉,中国,2099
2004,12,1,王皓,中国,2385
2004,12,2,王励勤,中国,2383
2004,12,3,马琳,中国,2374
2004,12,4,柳承敏,韩国,2308
2004,12,5,波尔,德国,2269
2004,12,6,陈玘,中国,2239
2004,12,7,庄智渊,中国台北,2184
2004,12,8,萨姆索诺夫,白俄罗斯,2161
2004,12,9,施拉格,奥地利,2157
2004,12,10,格林卡,希腊,2127
2005,1,1,王励勤,中国,2451
2005,1,2,马琳,中国,2405
2005,1,3,王皓,中国,2383
2005,1,4,波尔,德国,2306
2005,1,5,柳承敏,韩国,2285
2005,1,6,陈玘,中国,2240
2005,1,7,萨姆索诺夫,白俄罗斯,2185
2005,1,8,施拉格,奥地利,2176
2005,1,9,庄智渊,中国台北,2173
2005,1,10,格林卡,希腊,2117
2005,2,1,王励勤,中国,2435
2005,2,2,马琳,中国,2377
2005,2,3,王皓,中国,2350
2005,2,4,波尔,德国,2284
2005,2,5,柳承敏,韩国,2281
2005,2,6,萨姆索诺夫,白俄罗斯,2256
2005,2,7,陈玘,中国,2218
2005,2,8,施拉格,奥地利,2193
2005,2,9,庄智渊,中国台北,2189
2005,2,10,格林卡,希腊,2110
2005,3,1,王励勤,中国,2504
2005,3,2,马琳,中国,2420
2005,3,3,王皓,中国,2333
2005,3,4,波尔,德国,2325
2005,3,5,柳承敏,韩国,2296
2005,3,6,萨姆索诺夫,白俄罗斯,2255
2005,3,7,庄智渊,中国台北,2200
2005,3,8,陈玘,中国,2192
2005,3,9,施拉格,奥地利,2175
2005,3,10,格林卡,希腊,2110
2005,4,1,王励勤,中国,2504
2005,4,2,马琳,中国,2420
2005,4,3,王皓,中国,2333
2005,4,4,萨姆索诺夫,白俄罗斯,2319
2005,4,5,波尔,德国,2313
2005,4,6,柳承敏,韩国,2289
2005,4,7,陈玘,中国,2192
2005,4,8,庄智渊,中国台北,2189
2005,4,9,施拉格,奥地利,2173
2005,4,10,格林卡,希腊,2158
2005,5,1,王励勤,中国,2588
2005,5,2,马琳,中国,2478
2005,5,3,王皓,中国,2327
2005,5,4,波尔,德国,2322
2005,5,5,萨姆索诺夫,白俄罗斯,2320
2005,5,6,柳承敏,韩国,2263
2005,5,7,陈玘,中国,2242
2005,5,8,格林卡,希腊,2163
2005,5,9,庄智渊,中国台北,2150
2005,5,10,施拉格,奥地利,2128
2005,6,1,王励勤,中国,2516
2005,6,2,马琳,中国,2436
2005,6,3,波尔,德国,2328
2005,6,4,萨姆索诺夫,白俄罗斯,2327
2005,6,5,王皓,中国,2285
2005,6,6,陈玘,中国,2200
2005,6,7,柳承敏,韩国,2172
2005,6,8,格林卡,希腊,2136
2005,6,9,庄智渊,中国台北,2132
2005,6,10,M-塞弗,比利时,2098
2005,7,1,王励勤,中国,2518
2005,7,2,马琳,中国,2436
2005,7,3,波尔,德国,2335
2005,7,4,王皓,中国,2286
2005,7,5,萨姆索诺夫,白俄罗斯,2259
2005,7,6,陈玘,中国,2200
2005,7,7,吴尚垠,韩国,2146
2005,7,8,柳承敏,韩国,2133
2005,7,9,格林卡,希腊,2100
2005,7,10,庄智渊,中国台北,2076
2005,8,1,王励勤,中国,2518
2005,8,2,马琳,中国,2436
2005,8,3,波尔,德国,2334
2005,8,4,王皓,中国,2286
2005,8,5,萨姆索诺夫,白俄罗斯,2280
2005,8,6,吴尚垠,韩国,2218
2005,8,7,陈玘,中国,2200
2005,8,8,柳承敏,韩国,2129
2005,8,9,格林卡,希腊,2102
2005,8,10,陈卫星,奥地利,2070
2005,9,1,王励勤,中国,2509
2005,9,2,马琳,中国,2432
2005,9,3,波尔,德国,2328
2005,9,4,萨姆索诺夫,白俄罗斯,2276
2005,9,5,王皓,中国,2276
2005,9,6,吴尚垠,韩国,2214
2005,9,7,陈玘,中国,2200
2005,9,8,柳承敏,韩国,2117
2005,9,9,格林卡,希腊,2099
2005,9,10,陈卫星,奥地利,2067
2005,10,1,王励勤,中国,2568
2005,10,2,波尔,德国,2366
2005,10,3,马琳,中国,2345
2005,10,4,王皓,中国,2295
2005,10,5,萨姆索诺夫,白俄罗斯,2276
2005,10,6,吴尚垠,韩国,2212
2005,10,7,柳承敏,韩国,2176
2005,10,8,陈玘,中国,2153
2005,10,9,格林卡,希腊,2100
2005,10,10,刘国正,中国,2091
2005,11,1,王励勤,中国,2564
2005,11,2,波尔,德国,2423
2005,11,3,马琳,中国,2351
2005,11,4,王皓,中国,2321
2005,11,5,萨姆索诺夫,白俄罗斯,2302
2005,11,6,吴尚垠,韩国,2217
2005,11,7,柳承敏,韩国,2171
2005,11,8,陈玘,中国,2153
2005,11,9,刘国正,中国,2092
2005,11,10,格林卡,希腊,2069
2005,12,1,王励勤,中国,2564
2005,12,2,波尔,德国,2428
2005,12,3,萨姆索诺夫,白俄罗斯,2384
2005,12,4,马琳,中国,2349
2005,12,5,王皓,中国,2321
2005,12,6,吴尚垠,韩国,2190
2005,12,7,柳承敏,韩国,2156
2005,12,8,陈玘,中国,2120
2005,12,9,M-塞弗,比利时,2102
2005,12,10,格林卡,希腊,2084
2006,1,1,王励勤,中国,2528
2006,1,2,波尔,德国,2467
2006,1,3,萨姆索诺夫,白俄罗斯,2408
2006,1,4,王皓,中国,2407
2006,1,5,马琳,中国,2321
2006,1,6,吴尚垠,韩国,2227
2006,1,7,柳承敏,韩国,2215
2006,1,8,陈玘,中国,2211
2006,1,9,M-塞弗,比利时,2161
2006,1,10,郝帅,中国,2080
2006,2,1,王励勤,中国,2528
2006,2,2,波尔,德国,2467
2006,2,3,萨姆索诺夫,白俄罗斯,2408
2006,2,4,王皓,中国,2407
2006,2,5,马琳,中国,2321
2006,2,6,吴尚垠,韩国,2227
2006,2,7,柳承敏,韩国,2215
2006,2,8,陈玘,中国,2211
2006,2,9,M-塞弗,比利时,2161
2006,2,10,郝帅,中国,2080
2006,3,1,王励勤,中国,2558
2006,3,2,波尔,德国,2457
2006,3,3,王皓,中国,2407
2006,3,4,马琳,中国,2389
2006,3,5,萨姆索诺夫,白俄罗斯,2368
2006,3,6,陈玘,中国,2286
2006,3,7,吴尚垠,韩国,2227
2006,3,8,柳承敏,韩国,2197
2006,3,9,陈卫星,奥地利,2170
2006,3,10,M-塞弗,比利时,2109
2006,4,1,王励勤,中国,2558
2006,4,2,波尔,德国,2451
2006,4,3,王皓,中国,2419
2006,4,4,马琳,中国,2390
2006,4,5,萨姆索诺夫,白俄罗斯,2347
2006,4,6,陈玘,中国,2316
2006,4,7,吴尚垠,韩国,2227
2006,4,8,柳承敏,韩国,2197
2006,4,9,陈卫星,奥地利,2165
2006,4,10,M-塞弗,比利时,2089
2006,5,1,王励勤,中国,2579
2006,5,2,波尔,德国,2477
2006,5,3,王皓,中国,2430
2006,5,4,马琳,中国,2388
2006,5,5,萨姆索诺夫,白俄罗斯,2346
2006,5,6,陈玘,中国,2317
2006,5,7,吴尚垠,韩国,2245
2006,5,8,柳承敏,韩国,2208
2006,5,9,陈卫星,奥地利,2174
2006,5,10,郝帅,中国,2087
2006,6,1,王励勤,中国,2549
2006,6,2,波尔,德国,2469
2006,6,3,王皓,中国,2420
2006,6,4,马琳,中国,2363
2006,6,5,萨姆索诺夫,白俄罗斯,2336
2006,6,6,陈玘,中国,2302
2006,6,7,吴尚垠,韩国,2225
2006,6,8,柳承敏,韩国,2203
2006,6,9,陈卫星,奥地利,2169
2006,6,10,庄智渊,中国台北,2078
2006,6,10,施拉格,奥地利,2078
2006,7,1,王励勤,中国,2541
2006,7,2,波尔,德国,2460
2006,7,3,马琳,中国,2433
2006,7,4,王皓,中国,2422
2006,7,5,萨姆索诺夫,白俄罗斯,2381
2006,7,6,陈玘,中国,2272
2006,7,7,吴尚垠,韩国,2239
2006,7,8,柳承敏,韩国,2198
2006,7,9,陈卫星,奥地利,2133
2006,7,10,郝帅,中国,2080
2006,8,1,王励勤,中国,2541
2006,8,2,波尔,德国,2460
2006,8,3,马琳,中国,2433
2006,8,4,王皓,中国,2422
2006,8,5,萨姆索诺夫,白俄罗斯,2357
2006,8,6,陈玘,中国,2272
2006,8,7,吴尚垠,韩国,2203
2006,8,8,柳承敏,韩国,2198
2006,8,9,陈卫星,奥地利,2115
2006,8,10,郝帅,中国,2080
2006,9,1,王励勤,中国,2532
2006,9,2,波尔,德国,2454
2006,9,3,马琳,中国,2429
2006,9,4,王皓,中国,2412
2006,9,5,萨姆索诺夫,白俄罗斯,2353
2006,9,6,陈玘,中国,2272
2006,9,7,吴尚垠,韩国,2199
2006,9,8,柳承敏,韩国,2186
2006,9,9,陈卫星,奥地利,2113
2006,9,10,郝帅,中国,2080
2006,10,1,王励勤,中国,2552
2006,10,2,波尔,德国,2516
2006,10,3,马琳,中国,2479
2006,10,4,王皓,中国,2417
2006,10,5,萨姆索诺夫,白俄罗斯,2346
2006,10,6,陈玘,中国,2285
2006,10,7,吴尚垠,韩国,2244
2006,10,8,柳承敏,韩国,2159
2006,10,9,陈卫星,奥地利,2127
2006,10,10,庄智渊,中国台北,2107
2006,11,1,王励勤,中国,2566
2006,11,2,马琳,中国,2529
2006,11,3,波尔,德国,2472
2006,11,4,王皓,中国,2434
2006,11,5,萨姆索诺夫,白俄罗斯,2365
2006,11,6,陈玘,中国,2285
2006,11,7,吴尚垠,韩国,2232
2006,11,8,柳承敏,韩国,2141
2006,11,9,陈卫星,奥地利,2137
2006,11,10,庄智渊,中国台北,2112
2006,12,1,王励勤,中国,2568
2006,12,2,马琳,中国,2531
2006,12,3,波尔,德国,2525
2006,12,4,王皓,中国,2434
2006,12,5,萨姆索诺夫,白俄罗斯,2325
2006,12,6,陈玘,中国,2287
2006,12,7,吴尚垠,韩国,2205
2006,12,8,柳承敏,韩国,2120
2006,12,9,施拉格,奥地利,2116
2006,12,10,陈卫星,奥地利,2111
2007,1,1,王励勤,中国,12664
2007,1,2,马琳,中国,12625
2007,1,3,王皓,中国,12605
2007,1,4,波尔,德国,12505
2007,1,5,萨姆索诺夫,白俄罗斯,12369
2007,1,6,陈玘,中国,12311
2007,1,7,吴尚垠,韩国,12304
2007,1,8,柳承敏,韩国,12136
2007,1,9,施拉格,奥地利,12135
2007,1,10,侯英超,中国,12129
2007,2,1,王励勤,中国,12653
2007,2,2,马琳,中国,12646
2007,2,3,王皓,中国,12610
2007,2,4,波尔,德国,12505
2007,2,5,萨姆索诺夫,白俄罗斯,12378
2007,2,6,吴尚垠,韩国,12332
2007,2,7,陈玘,中国,12271
2007,2,8,郝帅,中国,12202
2007,2,9,柳承敏,韩国,12196
2007,2,10,施拉格,奥地利,12194
2007,3,1,马琳,中国,12688
2007,3,2,王励勤,中国,12661
2007,3,3,王皓,中国,12578
2007,3,4,波尔,德国,12516
2007,3,5,吴尚垠,韩国,12386
2007,3,6,萨姆索诺夫,白俄罗斯,12347
2007,3,7,陈玘,中国,12313
2007,3,8,马龙,中国,12255
2007,3,9,柳承敏,韩国,12180
2007,3,10,郝帅,中国,12179
2007,4,1,马琳,中国,12688
2007,4,2,王励勤,中国,12661
2007,4,3,波尔,德国,12588
2007,4,4,王皓,中国,12554
2007,4,5,萨姆索诺夫,白俄罗斯,12415
2007,4,6,吴尚垠,韩国,12386
2007,4,7,陈玘,中国,12293
2007,4,8,马龙,中国,12255
2007,4,9,柳承敏,韩国,12180
2007,4,10,郝帅,中国,12179
2007,5,1,马琳,中国,12688
2007,5,2,王励勤,中国,12661
2007,5,3,波尔,德国,12586
2007,5,4,王皓,中国,12554
2007,5,5,吴尚垠,韩国,12387
2007,5,6,萨姆索诺夫,白俄罗斯,12379
2007,5,7,陈玘,中国,12293
2007,5,8,马龙,中国,12253
2007,5,9,柳承敏,韩国,12180
2007,5,10,郝帅,中国,12179
2007,6,1,王励勤,中国,12739
2007,6,2,马琳,中国,12731
2007,6,3,王皓,中国,12595
2007,6,4,波尔,德国,12592
2007,6,5,萨姆索诺夫,白俄罗斯,12406
2007,6,6,吴尚垠,韩国,12377
2007,6,7,柳承敏,韩国,12299
2007,6,8,陈玘,中国,12296
2007,6,9,马龙,中国,12263
2007,6,10,郝帅,中国,12232
2007,7,1,马琳,中国,12738
2007,7,2,王励勤,中国,12712
2007,7,3,王皓,中国,12664
2007,7,4,波尔,德国,12568
2007,7,5,萨姆索诺夫,白俄罗斯,12407
2007,7,6,吴尚垠,韩国,12367
2007,7,7,马龙,中国,12356
2007,7,8,陈玘,中国,12284
2007,7,9,柳承敏,韩国,12260
2007,7,10,郝帅,中国,12228
2007,8,1,马琳,中国,12738
2007,8,2,王励勤,中国,12712
2007,8,3,王皓,中国,12666
2007,8,4,波尔,德国,12568
2007,8,5,萨姆索诺夫,白俄罗斯,12407
2007,8,6,吴尚垠,韩国,12367
2007,8,7,马龙,中国,12356
2007,8,8,陈玘,中国,12284
2007,8,9,柳承敏,韩国,12260
2007,8,10,郝帅,中国,12228
2007,9,1,马琳,中国,12743
2007,9,2,王皓,中国,12723
2007,9,3,王励勤,中国,12685
2007,9,4,波尔,德国,12565
2007,9,5,萨姆索诺夫,白俄罗斯,12471
2007,9,6,马龙,中国,12362
2007,9,7,吴尚垠,韩国,12332
2007,9,8,陈玘,中国,12278
2007,9,9,柳承敏,韩国,12224
2007,9,10,郝帅,中国,12176
2007,10,1,王皓,中国,12792
2007,10,2,马琳,中国,12707
2007,10,3,王励勤,中国,12673
2007,10,4,波尔,德国,12565
2007,10,5,萨姆索诺夫,白俄罗斯,12472
2007,10,6,马龙,中国,12393
2007,10,7,吴尚垠,韩国,12357
2007,10,8,陈玘,中国,12292
2007,10,9,柳承敏,韩国,12230
2007,10,10,郝帅,中国,12167
2007,11,1,王皓,中国,12832
2007,11,2,马琳,中国,12681
2007,11,3,王励勤,中国,12678
2007,11,4,波尔,德国,12612
2007,11,5,萨姆索诺夫,白俄罗斯,12447
2007,11,6,陈玘,中国,12426
2007,11,7,马龙,中国,12393
2007,11,8,柳承敏,韩国,12352
2007,11,9,吴尚垠,韩国,12352
2007,11,10,郝帅,中国,12167
2007,12,1,王皓,中国,12930
2007,12,2,马琳,中国,12810
2007,12,3,王励勤,中国,12732
2007,12,4,马龙,中国,12616
2007,12,5,波尔,德国,12585
2007,12,6,萨姆索诺夫,白俄罗斯,12498
2007,12,7,陈玘,中国,12426
2007,12,8,柳承敏,韩国,12372
2007,12,9,吴尚垠,韩国,12325
2007,12,10,高宁,新加坡,12220
2008,1,1,王皓,中国,12965
2008,1,2,马琳,中国,12866
2008,1,3,王励勤,中国,12736
2008,1,4,马龙,中国,12649
2008,1,5,波尔,德国,12578
2008,1,6,萨姆索诺夫,白俄罗斯,12507
2008,1,7,陈玘,中国,12427
2008,1,8,柳承敏,韩国,12377
2008,1,9,吴尚垠,韩国,12282
2008,1,10,高宁,新加坡,12242
2008,2,1,王皓,中国,12917
2008,2,2,马琳,中国,12830
2008,2,3,王励勤,中国,12706
2008,2,4,马龙,中国,12613
2008,2,5,波尔,德国,12578
2008,2,6,萨姆索诺夫,白俄罗斯,12533
2008,2,7,陈玘,中国,12397
2008,2,8,柳承敏,韩国,12338
2008,2,9,吴尚垠,韩国,12252
2008,2,10,高宁,新加坡,12223
2008,3,1,王皓,中国,12889
2008,3,2,马琳,中国,12769
2008,3,3,王励勤,中国,12641
2008,3,4,马龙,中国,12561
2008,3,5,波尔,德国,12496
2008,3,6,萨姆索诺夫,白俄罗斯,12476
2008,3,7,陈玘,中国,12358
2008,3,8,柳承敏,韩国,12329
2008,3,9,吴尚垠,韩国,12216
2008,3,10,高宁,新加坡,12204
2008,4,1,王皓,中国,12919
2008,4,2,马琳,中国,12829
2008,4,3,王励勤,中国,12657
2008,4,4,马龙,中国,12609
2008,4,5,萨姆索诺夫,白俄罗斯,12556
2008,4,6,波尔,德国,12470
2008,4,7,陈玘,中国,12453
2008,4,8,柳承敏,韩国,12309
2008,4,9,高宁,新加坡,12243
2008,4,10,吴尚垠,韩国,12216
2008,5,1,王皓,中国,12919
2008,5,2,马琳,中国,12829
2008,5,3,王励勤,中国,12657
2008,5,4,马龙,中国,12609
2008,5,5,萨姆索诺夫,白俄罗斯,12535
2008,5,6,波尔,德国,12470
2008,5,7,陈玘,中国,12453
2008,5,8,柳承敏,韩国,12372
2008,5,9,吴尚垠,韩国,12216
2008,5,10,朱世赫,韩国,12200
2008,6,1,王皓,中国,12946
2008,6,2,马琳,中国,12867
2008,6,3,马龙,中国,12702
2008,6,4,王励勤,中国,12644
2008,6,5,萨姆索诺夫,白俄罗斯,12551
2008,6,6,陈玘,中国,12488
2008,6,7,波尔,德国,12460
2008,6,8,柳承敏,韩国,12350
2008,6,9,朱世赫,韩国,12184
2008,6,10,李静,中国香港,12154
2008,7,1,王皓,中国,12946
2008,7,2,马琳,中国,12867
2008,7,3,马龙,中国,12757
2008,7,4,王励勤,中国,12629
2008,7,5,萨姆索诺夫,白俄罗斯,12599
2008,7,6,波尔,德国,12491
2008,7,7,陈玘,中国,12476
2008,7,8,柳承敏,韩国,12350
2008,7,9,朱世赫,韩国,12219
2008,7,10,庄智渊,中国台北,12148
2008,8,1,王皓,中国,12946
2008,8,2,马琳,中国,12867
2008,8,3,马龙,中国,12757
2008,8,4,王励勤,中国,12628
2008,8,5,萨姆索诺夫,白俄罗斯,12596
2008,8,6,波尔,德国,12492
2008,8,7,陈玘,中国,12476
2008,8,8,柳承敏,韩国,12350
2008,8,9,朱世赫,韩国,12217
2008,8,10,庄智渊,中国台北,12147
2008,9,1,王皓,中国,12948
2008,9,2,马琳,中国,12934
2008,9,3,马龙,中国,12739
2008,9,4,王励勤,中国,12643
2008,9,5,萨姆索诺夫,白俄罗斯,12548
2008,9,6,陈玘,中国,12458
2008,9,7,波尔,德国,12449
2008,9,8,柳承敏,韩国,12269
2008,9,9,朱世赫,韩国,12201
2008,9,10,吴尚垠,韩国,12188
2008,10,1,王皓,中国,12951
2008,10,2,马琳,中国,12913
2008,10,3,马龙,中国,12751
2008,10,4,王励勤,中国,12589
2008,10,5,萨姆索诺夫,白俄罗斯,12526
2008,10,6,波尔,德国,12483
2008,10,7,陈玘,中国,12462
2008,10,8,柳承敏,韩国,12255
2008,10,9,朱世赫,韩国,12223
2008,10,10,郝帅,中国,12210
2008,11,1,王皓,中国,12921
2008,11,2,马琳,中国,12877
2008,11,3,马龙,中国,12726
2008,11,4,王励勤,中国,12572
2008,11,5,波尔,德国,12563
2008,11,6,萨姆索诺夫,白俄罗斯,12556
2008,11,7,陈玘,中国,12372
2008,11,8,柳承敏,韩国,12254
2008,11,9,朱世赫,韩国,12222
2008,11,10,郝帅,中国,12210
2008,12,1,王皓,中国,12867
2008,12,2,马琳,中国,12823
2008,12,3,马龙,中国,12660
2008,12,4,波尔,德国,12617
2008,12,5,王励勤,中国,12523
2008,12,6,萨姆索诺夫,白俄罗斯,12518
2008,12,7,陈玘,中国,12351
2008,12,8,柳承敏,韩国,12228
2008,12,9,郝帅,中国,12210
2008,12,10,朱世赫,韩国,12192
2009,1,1,王皓,中国,12811
2009,1,2,马琳,中国,12757
2009,1,3,马龙,中国,12733
2009,1,4,波尔,德国,12569
2009,1,5,萨姆索诺夫,白俄罗斯,12500
2009,1,6,王励勤,中国,12482
2009,1,7,陈玘,中国,12357
2009,1,8,柳承敏,韩国,12196
2009,1,9,郝帅,中国,12194
2009,1,10,庄智渊,中国台北,12193
2009,2,1,王皓,中国,12883
2009,2,2,马琳,中国,12785
2009,2,3,马龙,中国,12775
2009,2,4,波尔,德国,12583
2009,2,5,王励勤,中国,12538
2009,2,6,萨姆索诺夫,白俄罗斯,12444
2009,2,7,陈玘,中国,12357
2009,2,8,郝帅,中国,12233
2009,2,9,庄智渊,中国台北,12197
2009,2,10,朱世赫,韩国,12183
2009,3,1,王皓,中国,12868
2009,3,2,马龙,中国,12793
2009,3,3,马琳,中国,12785
2009,3,4,波尔,德国,12743
2009,3,5,王励勤,中国,12533
2009,3,6,萨姆索诺夫,白俄罗斯,12446
2009,3,7,陈玘,中国,12335
2009,3,8,郝帅,中国,12278
2009,3,9,朱世赫,韩国,12254
2009,3,10,庄智渊,中国台北,12182
2009,4,1,王皓,中国,12868
2009,4,2,马琳,中国,12785
2009,4,3,马龙,中国,12769
2009,4,4,波尔,德国,12759
2009,4,5,王励勤,中国,12533
2009,4,6,萨姆索诺夫,白俄罗斯,12486
2009,4,7,陈玘,中国,12315
2009,4,8,郝帅,中国,12278
2009,4,9,朱世赫,韩国,12254
2009,4,10,庄智渊,中国台北,12164
2009,5,1,王皓,中国,12938
2009,5,2,马龙,中国,12800
2009,5,3,马琳,中国,12788
2009,5,4,波尔,德国,12743
2009,5,5,王励勤,中国,12606
2009,5,6,萨姆索诺夫,白俄罗斯,12427
2009,5,7,陈玘,中国,12343
2009,5,8,朱世赫,韩国,12281
2009,5,9,郝帅,中国,12263
2009,5,10,格林卡,希腊,12127
2009,6,1,王皓,中国,12874
2009,6,2,马龙,中国,12754
2009,6,3,波尔,德国,12730
2009,6,4,马琳,中国,12708
2009,6,5,王励勤,中国,12550
2009,6,6,萨姆索诺夫,白俄罗斯,12395
2009,6,7,陈玘,中国,12289
2009,6,8,郝帅,中国,12251
2009,6,9,朱世赫,韩国,12237
2009,6,10,格林卡,希腊,12131
2009,7,1,王皓,中国,12874
2009,7,2,马龙,中国,12762
2009,7,3,马琳,中国,12723
2009,7,4,波尔,德国,12706
2009,7,5,王励勤,中国,12593
2009,7,6,萨姆索诺夫,白俄罗斯,12347
2009,7,7,陈玘,中国,12274
2009,7,8,朱世赫,韩国,12271
2009,7,9,郝帅,中国,12251
2009,7,10,吴尚垠,韩国,12187
2009,8,1,王皓,中国,12874
2009,8,2,马龙,中国,12763
2009,8,3,马琳,中国,12723
2009,8,4,波尔,德国,12707
2009,8,5,王励勤,中国,12594
2009,8,6,萨姆索诺夫,白俄罗斯,12372
2009,8,7,陈玘,中国,12271
2009,8,8,朱世赫,韩国,12271
2009,8,9,郝帅,中国,12251
2009,8,10,吴尚垠,韩国,12187
2009,9,1,王皓,中国,12886
2009,9,2,马龙,中国,12745
2009,9,3,波尔,德国,12701
2009,9,4,马琳,中国,12677
2009,9,5,王励勤,中国,12595
2009,9,6,萨姆索诺夫,白俄罗斯,12365
2009,9,7,郝帅,中国,12331
2009,9,8,朱世赫,韩国,12265
2009,9,9,陈玘,中国,12254
2009,9,10,吴尚垠,韩国,12170
2009,10,1,王皓,中国,12812
2009,10,2,马龙,中国,12690
2009,10,3,马琳,中国,12677
2009,10,4,波尔,德国,12612
2009,10,5,王励勤,中国,12595
2009,10,6,萨姆索诺夫,白俄罗斯,12335
2009,10,7,郝帅,中国,12325
2009,10,8,梅兹,丹麦,12280
2009,10,9,陈玘,中国,12242
2009,10,10,朱世赫,韩国,12233
2009,11,1,王皓,中国,12812
2009,11,2,马龙,中国,12770
2009,11,3,马琳,中国,12707
2009,11,4,波尔,德国,12599
2009,11,5,王励勤,中国,12574
2009,11,6,萨姆索诺夫,白俄罗斯,12448
2009,11,7,郝帅,中国,12325
2009,11,8,梅兹,丹麦,12297
2009,11,9,陈玘,中国,12287
2009,11,10,朱世赫,韩国,12239
2009,12,1,王皓,中国,12812
2009,12,2,马龙,中国,12807
2009,12,3,马琳,中国,12707
2009,12,4,波尔,德国,12604
2009,12,5,王励勤,中国,12590
2009,12,6,萨姆索诺夫,白俄罗斯,12448
2009,12,7,郝帅,中国,12325
2009,12,8,陈玘,中国,12287
2009,12,9,梅兹,丹麦,12267
2009,12,10,朱世赫,韩国,12239
2010,1,1,马龙,中国,12830
2010,1,2,王皓,中国,12719
2010,1,3,马琳,中国,12668
2010,1,4,波尔,德国,12639
2010,1,5,王励勤,中国,12526
2010,1,6,萨姆索诺夫,白俄罗斯,12419
2010,1,7,郝帅,中国,12326
2010,1,8,梅兹,丹麦,12273
2010,1,9,陈玘,中国,12264
2010,1,10,水谷隼,日本,12233
2010,2,1,马龙,中国,2878
2010,2,2,王皓,中国,2685
2010,2,3,波尔,德国,2665
2010,2,4,马琳,中国,2649
2010,2,5,王励勤,中国,2575
2010,2,6,萨姆索诺夫,白俄罗斯,2501
2010,2,7,郝帅,中国,2414
2010,2,8,张继科,中国,2402
2010,2,9,梅兹,丹麦,2396
2010,2,10,朱世赫,韩国,2389
2010,3,1,马龙,中国,2865
2010,3,2,王皓,中国,2656
2010,3,3,马琳,中国,2640
2010,3,4,王励勤,中国,2633
2010,3,5,波尔,德国,2619
2010,3,6,张继科,中国,2544
2010,3,7,许昕,中国,2497
2010,3,8,萨姆索诺夫,白俄罗斯,2489
2010,3,9,朱世赫,韩国,2398
2010,3,10,水谷隼,日本,2387
2010,4,1,马龙,中国,3001
2010,4,2,王皓,中国,2707
2010,4,3,马琳,中国,2641
2010,4,4,王励勤,中国,2635
2010,4,5,波尔,德国,2604
2010,4,6,张继科,中国,2601
2010,4,7,许昕,中国,2514
2010,4,8,朱世赫,韩国,2484
2010,4,9,萨姆索诺夫,白俄罗斯,2471
2010,4,10,梅兹,丹麦,2446
2010,5,1,马龙,中国,2961
2010,5,2,王皓,中国,2647
2010,5,3,波尔,德国,2604
2010,5,4,张继科,中国,2601
2010,5,5,马琳,中国,2601
2010,5,6,王励勤,中国,2585
2010,5,7,许昕,中国,2499
2010,5,8,萨姆索诺夫,白俄罗斯,2483
2010,5,9,朱世赫,韩国,2454
2010,5,10,梅兹,丹麦,2416
2010,6,1,马龙,中国,2935
2010,6,2,波尔,德国,2649
2010,6,3,马琳,中国,2639
2010,6,4,王皓,中国,2633
2010,6,5,张继科,中国,2602
2010,6,6,王励勤,中国,2585
2010,6,7,许昕,中国,2507
2010,6,8,萨姆索诺夫,白俄罗斯,2505
2010,6,9,水谷隼,日本,2496
2010,6,10,朱世赫,韩国,2484
2010,7,1,马龙,中国,2847
2010,7,2,王皓,中国,2630
2010,7,3,波尔,德国,2601
2010,7,4,马琳,中国,2589
2010,7,5,张继科,中国,2556
2010,7,6,王励勤,中国,2541
2010,7,7,萨姆索诺夫,白俄罗斯,2481
2010,7,8,许昕,中国,2480
2010,7,9,水谷隼,日本,2447
2010,7,10,梅兹,丹麦,2411
2010,8,1,马龙,中国,2847
2010,8,2,波尔,德国,2657
2010,8,3,王皓,中国,2632
2010,8,4,马琳,中国,2589
2010,8,5,张继科,中国,2556
2010,8,6,王励勤,中国,2541
2010,8,7,萨姆索诺夫,白俄罗斯,2493
2010,8,8,水谷隼,日本,2482
2010,8,9,许昕,中国,2478
2010,8,10,朱世赫,韩国,2434
2010,9,1,马龙,中国,2847
2010,9,2,波尔,德国,2676
2010,9,3,张继科,中国,2611
2010,9,4,马琳,中国,2606
2010,9,5,王皓,中国,2581
2010,9,6,王励勤,中国,2554
2010,9,7,萨姆索诺夫,白俄罗斯,2553
2010,9,8,许昕,中国,2523
2010,9,9,朱世赫,韩国,2495
2010,9,10,水谷隼,日本,2426
2010,10,1,马龙,中国,2815
2010,10,2,波尔,德国,2699
2010,10,3,张继科,中国,2613
2010,10,4,马琳,中国,2606
2010,10,5,王皓,中国,2591
2010,10,6,王励勤,中国,2554
2010,10,7,许昕,中国,2527
2010,10,8,萨姆索诺夫,白俄罗斯,2517
2010,10,9,朱世赫,韩国,2469
2010,10,10,水谷隼,日本,2426
2010,11,1,马龙,中国,2743
2010,11,2,波尔,德国,2735
2010,11,3,王皓,中国,2681
2010,11,4,张继科,中国,2645
2010,11,5,马琳,中国,2576
2010,11,6,王励勤,中国,2548
2010,11,7,许昕,中国,2503
2010,11,8,朱世赫,韩国,2485
2010,11,9,水谷隼,日本,2483
2010,11,10,萨姆索诺夫,白俄罗斯,2474
2010,12,1,马龙,中国,2731
2010,12,2,波尔,德国,2699
2010,12,3,王皓,中国,2689
2010,12,4,张继科,中国,2608
2010,12,5,马琳,中国,2583
2010,12,6,萨姆索诺夫,白俄罗斯,2533
2010,12,7,王励勤,中国,2516
2010,12,8,朱世赫,韩国,2497
2010,12,9,许昕,中国,2479
2010,12,10,水谷隼,日本,2473
2011,1,1,波尔,德国,2726
2011,1,2,马龙,中国,2683
2011,1,3,王皓,中国,2665
2011,1,4,张继科,中国,2598
2011,1,5,马琳,中国,2590
2011,1,6,萨姆索诺夫,白俄罗斯,2577
2011,1,7,水谷隼,日本,2554
2011,1,8,王励勤,中国,2516
2011,1,9,朱世赫,韩国,2514
2011,1,10,许昕,中国,2467
2011,2,1,波尔,德国,2706
2011,2,2,王皓,中国,2692
2011,2,3,马琳,中国,2644
2011,2,4,马龙,中国,2643
2011,2,5,萨姆索诺夫,白俄罗斯,2577
2011,2,6,张继科,中国,2557
2011,2,7,水谷隼,日本,2553
2011,2,8,许昕,中国,2532
2011,2,9,王励勤,中国,2509
2011,2,10,朱世赫,韩国,2488
2011,3,1,波尔,德国,2769
2011,3,2,王皓,中国,2744
2011,3,3,马龙,中国,2667
2011,3,4,张继科,中国,2657
2011,3,5,马琳,中国,2635
2011,3,6,许昕,中国,2614
2011,3,7,水谷隼,日本,2604
2011,3,8,萨姆索诺夫,白俄罗斯,2559
2011,3,9,王励勤,中国,2529
2011,3,10,朱世赫,韩国,2487
2011,4,1,王皓,中国,2769
2011,4,2,波尔,德国,2757
2011,4,3,张继科,中国,2631
2011,4,4,马琳,中国,2630
2011,4,5,马龙,中国,2603
2011,4,6,许昕,中国,2596
2011,4,7,水谷隼,日本,2594
2011,4,8,萨姆索诺夫,白俄罗斯,2562
2011,4,9,王励勤,中国,2529
2011,4,10,朱世赫,韩国,2459
2011,5,1,王皓,中国,2769
2011,5,2,波尔,德国,2756
2011,5,3,张继科,中国,2631
2011,5,4,马琳,中国,2630
2011,5,5,马龙,中国,2603
2011,5,6,许昕,中国,2597
2011,5,7,水谷隼,日本,2594
2011,5,8,萨姆索诺夫,白俄罗斯,2590
2011,5,9,王励勤,中国,2529
2011,5,10,朱世赫,韩国,2468
2011,6,1,王皓,中国,2842
2011,6,2,波尔,德国,2812
2011,6,3,张继科,中国,2772
2011,6,4,马琳,中国,2672
2011,6,5,马龙,中国,2665
2011,6,6,水谷隼,日本,2639
2011,6,7,许昕,中国,2621
2011,6,8,萨姆索诺夫,白俄罗斯,2618
2011,6,9,王励勤,中国,2591
2011,6,10,朱世赫,韩国,2514
2011,7,1,王皓,中国,2857
2011,7,2,波尔,德国,2818
2011,7,3,马琳,中国,2763
2011,7,4,张继科,中国,2747
2011,7,5,马龙,中国,2710
2011,7,6,水谷隼,日本,2620
2011,7,7,萨姆索诺夫,白俄罗斯,2618
2011,7,8,王励勤,中国,2614
2011,7,9,许昕,中国,2601
2011,7,10,朱世赫,韩国,2529
2011,8,1,王皓,中国,2857
2011,8,2,波尔,德国,2794
2011,8,3,马琳,中国,2763
2011,8,4,张继科,中国,2747
2011,8,5,马龙,中国,2710
2011,8,6,萨姆索诺夫,白俄罗斯,2632
2011,8,7,王励勤,中国,2614
2011,8,8,水谷隼,日本,2610
2011,8,9,许昕,中国,2599
2011,8,10,朱世赫,韩国,2520
2011,9,1,王皓,中国,2821
2011,9,2,马龙,中国,2763
2011,9,3,波尔,德国,2761
2011,9,4,张继科,中国,2753
2011,9,5,马琳,中国,2712
2011,9,6,水谷隼,日本,2649
2011,9,7,王励勤,中国,2596
2011,9,8,萨姆索诺夫,白俄罗斯,2592
2011,9,9,许昕,中国,2570
2011,9,10,朱世赫,韩国,2509
2011,10,1,马龙,中国,2832
2011,10,2,王皓,中国,2809
2011,10,3,张继科,中国,2797
2011,10,4,波尔,德国,2737
2011,10,5,马琳,中国,2736
2011,10,6,水谷隼,日本,2675
2011,10,7,许昕,中国,2616
2011,10,8,王励勤,中国,2596
2011,10,9,萨姆索诺夫,白俄罗斯,2582
2011,10,10,朱世赫,韩国,2509
2011,11,1,马龙,中国,2873
2011,11,2,王皓,中国,2807
2011,11,3,张继科,中国,2767
2011,11,4,波尔,德国,2725
2011,11,5,马琳,中国,2702
2011,11,6,王励勤,中国,2636
2011,11,7,水谷隼,日本,2627
2011,11,8,许昕,中国,2616
2011,11,9,萨姆索诺夫,白俄罗斯,2513
2011,11,10,朱世赫,韩国,2489
2011,12,1,马龙,中国,2937
2011,12,2,张继科,中国,2898
2011,12,3,王皓,中国,2873
2011,12,4,波尔,德国,2702
2011,12,5,许昕,中国,2661
2011,12,6,王励勤,中国,2658
2011,12,7,马琳,中国,2627
2011,12,8,水谷隼,日本,2614
2011,12,9,朱世赫,韩国,2586
2011,12,10,奥恰洛夫,德国,2544
2012,1,1,马龙,中国,2937
2012,1,2,张继科,中国,2898
2012,1,3,王皓,中国,2873
2012,1,4,波尔,德国,2702
2012,1,5,许昕,中国,2662
2012,1,6,王励勤,中国,2658
2012,1,7,马琳,中国,2627
2012,1,8,朱世赫,韩国,2586
2012,1,9,水谷隼,日本,2574
2012,1,10,奥恰洛夫,德国,2524
2012,2,1,马龙,中国,2993
2012,2,2,张继科,中国,2932
2012,2,3,王皓,中国,2818
2012,2,4,波尔,德国,2702
2012,2,5,许昕,中国,2682
2012,2,6,朱世赫,韩国,2669
2012,2,7,马琳,中国,2649
2012,2,8,王励勤,中国,2640
2012,2,9,水谷隼,日本,2574
2012,2,10,奥恰洛夫,德国,2524
2012,3,1,马龙,中国,2954
2012,3,2,张继科,中国,2875
2012,3,3,王皓,中国,2792
2012,3,4,许昕,中国,2713
2012,3,5,朱世赫,韩国,2664
2012,3,6,波尔,德国,2660
2012,3,7,马琳,中国,2635
2012,3,8,水谷隼,日本,2618
2012,3,9,王励勤,中国,2595
2012,3,10,奥恰洛夫,德国,2497
2012,4,1,马龙,中国,3006
2012,4,2,张继科,中国,2923
2012,4,3,王皓,中国,2803
2012,4,4,许昕,中国,2735
2012,4,5,马琳,中国,2666
2012,4,6,波尔,德国,2658
2012,4,7,水谷隼,日本,2623
2012,4,8,朱世赫,韩国,2597
2012,4,8,朱世赫,韩国,2597
2012,4,9,王励勤,中国,2595
2012,4,10,奥恰洛夫,德国,2554
2012,5,1,马龙,中国,2975
2012,5,2,张继科,中国,2923
2012,5,3,王皓,中国,2805
2012,5,4,许昕,中国,2751
2012,5,5,马琳,中国,2666
2012,5,6,波尔,德国,2658
2012,5,7,水谷隼,日本,2616
2012,5,8,朱世赫,韩国,2582
2012,5,9,王励勤,中国,2574
2012,5,10,庄智渊,中华台北,2560
2012,6,1,张继科,中国,2933
2012,6,2,马龙,中国,2932
2012,6,3,许昕,中国,2829
2012,6,4,王皓,中国,2765
2012,6,5,马琳,中国,2645
2012,6,6,波尔,德国,2617
2012,6,7,水谷隼,日本,2584
2012,6,8,庄智渊,中华台北,2570
2012,6,9,王励勤,中国,2569
2012,6,10,朱世赫,韩国,2541
2012,7,1,张继科,中国,2921
2012,7,2,马龙,中国,2911
2012,7,3,许昕,中国,2820
2012,7,4,王皓,中国,2747
2012,7,5,水谷隼,日本,2637
2012,7,6,马琳,中国,2621
2012,7,7,波尔,德国,2590
2012,7,8,庄智渊,中华台北,2553
2012,7,9,王励勤,中国,2551
2012,7,10,朱世赫,韩国,2523
2012,8,1,张继科,中国,2993
2012,8,2,马龙,中国,2931
2012,8,3,许昕,中国,2820
2012,8,4,王皓,中国,2816
2012,8,5,水谷隼,日本,2644
2012,8,6,马琳,中国,2621
2012,8,7,波尔,德国,2620
2012,8,8,庄智渊,中华台北,2592
2012,8,9,奥恰洛夫,德国,2574
2012,8,10,王励勤,中国,2551
2012,9,1,张继科,中国,2972
2012,9,2,马龙,中国,2907
2012,9,3,许昕,中国,2809
2012,9,4,王皓,中国,2804
2012,9,5,马琳,中国,2632
2012,9,6,水谷隼,日本,2626
2012,9,7,波尔,德国,2610
2012,9,8,王励勤,中国,2580
2012,9,9,奥恰洛夫,德国,2575
2012,9,10,庄智渊,中华台北,2556
2012,10,1,张继科,中国,2951
2012,10,2,马龙,中国,2921
2012,10,3,许昕,中国,2831
2012,10,4,王皓,中国,2792
2012,10,5,波尔,德国,2672
2012,10,6,马琳,中国,2614
2012,10,7,水谷隼,日本,2611
2012,10,8,庄智渊,中华台北,2595
2012,10,9,王励勤,中国,2580
2012,10,10,奥恰洛夫,德国,2555
2012,11,1,张继科,中国,2936
2012,11,2,马龙,中国,2897
2012,11,3,许昕,中国,2831
2012,11,4,王皓,中国,2771
2012,11,5,波尔,德国,2683
2012,11,6,马琳,中国,2608
2012,11,7,水谷隼,日本,2596
2012,11,8,庄智渊,中华台北,2595
2012,11,9,王励勤,中国,2562
2012,11,10,朱世赫,韩国,2536
2012,12,1,张继科,中国,2861
2012,12,2,马龙,中国,2857
2012,12,3,许昕,中国,2810
2012,12,4,王皓,中国,2743
2012,12,5,波尔,德国,2662
2012,12,6,马琳,中国,2609
2012,12,7,奥恰洛夫,德国,2567
2012,12,8,庄智渊,中华台北,2566
2012,12,9,王励勤,中国,2548
2012,12,10,水谷隼,日本,2546
2013,1,1,许昕,中国,2882
2013,1,2,张继科,中国,2861
2013,1,3,马龙,中国,2857
2013,1,4,王皓,中国,2780
2013,1,5,波尔,德国,2662
2013,1,6,马琳,中国,2645
2013,1,7,庄智渊,中华台北,2609
2013,1,8,奥恰洛夫,德国,2567
2013,1,9,王励勤,中国,2548
2013,1,10,水谷隼,日本,2546
2013,2,1,许昕,中国,2847
2013,2,2,马龙,中国,2813
2013,2,3,张继科,中国,2812
2013,2,4,王皓,中国,2792
2013,2,5,波尔,德国,2663
2013,2,6,庄智渊,中华台北,2626
2013,2,7,马琳,中国,2613
2013,2,8,水谷隼,日本,2572
2013,2,9,奥恰洛夫,德国,2567
2013,2,10,王励勤,中国,2549
2013,3,1,马龙,中国,2897
2013,3,2,许昕,中国,2873
2013,3,3,张继科,中国,2868
2013,3,4,王皓,中国,2804
2013,3,5,波尔,德国,2663
2013,3,6,庄智渊,中华台北,2648
2013,3,7,奥恰洛夫,德国,2629
2013,3,8,马琳,中国,2581
2013,3,9,水谷隼,日本,2549
2013,3,9,王励勤,中国,2549
2013,4,1,马龙,中国,2905
2013,4,2,许昕,中国,2895
2013,4,3,张继科,中国,2838
2013,4,4,王皓,中国,2804
2013,4,5,波尔,德国,2663
2013,4,6,庄智渊,中华台北,2644
2013,4,7,奥恰洛夫,德国,2629
2013,4,8,马琳,中国,2580
2013,4,9,王励勤,中国,2549
2013,4,10,水谷隼,日本,2533
2013,5,1,许昕,中国,2964
2013,5,2,马龙,中国,2929
2013,5,3,王皓,中国,2833
2013,5,4,张继科,中国,2828
2013,5,5,波尔,德国,2663
2013,5,6,庄智渊,中华台北,2626
2013,5,7,奥恰洛夫,德国,2614
2013,5,8,马琳,中国,2599
2013,5,9,王励勤,中国,2544
2013,5,10,水谷隼,日本,2526
2013,6,1,许昕,中国,2979
2013,6,2,马龙,中国,2955
2013,6,3,张继科,中国,2922
2013,6,4,王皓,中国,2904
2013,6,5,波尔,德国,2705
2013,6,6,庄智渊,中华台北,2657
2013,6,7,奥恰洛夫,德国,2633
2013,6,8,马琳,中国,2568
2013,6,9,王励勤,中国,2544
2013,6,10,萨姆索诺夫,白俄罗斯,2512
2013,7,1,马龙,中国,2998
2013,7,2,许昕,中国,2982
2013,7,3,王皓,中国,2954
2013,7,4,张继科,中国,2909
2013,7,5,波尔,德国,2721
2013,7,6,奥恰洛夫,德国,2665
2013,7,7,庄智渊,中华台北,2610
2013,7,8,马琳,中国,2556
2013,7,9,樊振东,中国,2548
2013,7,10,闫安,中国,2542
2013,8,1,马龙,中国,3030
2013,8,2,许昕,中国,2993
2013,8,3,王皓,中国,2955
2013,8,4,张继科,中国,2909
2013,8,5,波尔,德国,2721
2013,8,6,奥恰洛夫,德国,2665
2013,8,7,庄智渊,中华台北,2641
2013,8,8,闫安,中国,2589
2013,8,9,马琳,中国,2556
2013,8,10,王励勤,中国,2530
2013,9,1,马龙,中国,3090
2013,9,2,许昕,中国,3015
2013,9,3,王皓,中国,2902
2013,9,4,张继科,中国,2853
2013,9,5,波尔,德国,2681
2013,9,6,奥恰洛夫,德国,2655
2013,9,7,庄智渊,中华台北,2624
2013,9,8,闫安,中国,2594
2013,9,9,马琳,中国,2539
2013,9,10,樊振东,中国,2530
2013,10,1,马龙,中国,3050
2013,10,2,许昕,中国,2961
2013,10,3,王皓,中国,2902
2013,10,4,张继科,中国,2853
2013,10,5,波尔,德国,2646
2013,10,6,奥恰洛夫,德国,2633
2013,10,7,庄智渊,中华台北,2599
2013,10,8,闫安,中国,2579
2013,10,9,马琳,中国,2539
2013,10,10,樊振东,中国,2530
2013,11,1,马龙,中国,3050
2013,11,2,许昕,中国,3029
2013,11,3,王皓,中国,2902
2013,11,4,张继科,中国,2853
2013,11,5,奥恰洛夫,德国,2727
2013,11,6,波尔,德国,2621
2013,11,7,庄智渊,中华台北,2618
2013,11,8,闫安,中国,2602
2013,11,9,萨姆索诺夫,白俄罗斯,2541
2013,11,10,马琳,中国,2539
2013,12,1,马龙,中国,3049
2013,12,2,许昕,中国,3043
2013,12,3,张继科,中国,2882
2013,12,4,王皓,中国,2877
2013,12,5,樊振东,中国,2861
2013,12,6,奥恰洛夫,德国,2787
2013,12,7,闫安,中国,2706
2013,12,8,波尔,德国,2660
2013,12,9,庄智渊,中华台北,2650
2013,12,10,萨姆索诺夫,白俄罗斯,2591
2014,1,1,马龙,中国,3049
2014,1,2,许昕,中国,3002
2014,1,3,张继科,中国,2882
2014,1,4,王皓,中国,2841
2014,1,5,樊振东,中国,2837
2014,1,6,奥恰洛夫,德国,2787
2014,1,7,闫安,中国,2706
2014,1,8,波尔,德国,2660
2014,1,9,庄智渊,中华台北,2620
2014,1,10,萨姆索诺夫,白俄罗斯,2591
2014,2,1,马龙,中国,3049
2014,2,2,许昕,中国,3002
2014,2,3,张继科,中国,2882
2014,2,4,王皓,中国,2841
2014,2,5,樊振东,中国,2837
2014,2,6,奥恰洛夫,德国,2787
2014,2,7,闫安,中国,2706
2014,2,8,波尔,德国,2660
2014,2,9,庄智渊,中华台北,2620
2014,2,10,萨姆索诺夫,白俄罗斯,2591
2014,3,1,许昕,中国,3100
2014,3,2,马龙,中国,3001
2014,3,3,樊振东,中国,2940
2014,3,4,张继科,中国,2829
2014,3,5,王皓,中国,2807
2014,3,6,奥恰洛夫,德国,2770
2014,3,7,闫安,中国,2727
2014,3,8,庄智渊,中华台北,2663
2014,3,9,波尔,德国,2657
2014,3,10,萨姆索诺夫,白俄罗斯,2594
2014,4,1,许昕,中国,3100
2014,4,2,马龙,中国,3050
2014,4,3,樊振东,中国,2980
2014,4,4,奥恰洛夫,德国,2852
2014,4,5,张继科,中国,2829
2014,4,6,王皓,中国,2806
2014,4,7,闫安,中国,2727
2014,4,8,庄智渊,中华台北,2671
2014,4,9,波尔,德国,2657
2014,4,10,水谷隼,日本,2645
2014,5,1,许昕,中国,3076
2014,5,2,马龙,中国,3051
2014,5,3,樊振东,中国,2984
2014,5,4,奥恰洛夫,德国,2838
2014,5,5,张继科,中国,2807
2014,5,6,王皓,中国,2788
2014,5,7,庄智渊,中华台北,2735
2014,5,8,水谷隼,日本,2710
2014,5,9,闫安,中国,2702
2014,5,10,波尔,德国,2695
2014,6,1,许昕,中国,3034
2014,6,2,马龙,中国,3009
2014,6,3,樊振东,中国,2963
2014,6,4,奥恰洛夫,德国,2810
2014,6,5,张继科,中国,2751
2014,6,6,王皓,中国,2739
2014,6,7,庄智渊,中华台北,2707
2014,6,8,水谷隼,日本,2703
2014,6,9,闫安,中国,2667
2014,6,10,波尔,德国,2660
2014,7,1,许昕,中国,3116
2014,7,2,马龙,中国,3047
2014,7,3,樊振东,中国,2986
2014,7,4,奥恰洛夫,德国,2785
2014,7,5,张继科,中国,2769
2014,7,6,王皓,中国,2732
2014,7,7,庄智渊,中华台北,2719
2014,7,8,水谷隼,日本,2715
2014,7,9,闫安,中国,2646
2014,7,10,波尔,德国,2610
2014,8,1,许昕,中国,3098
2014,8,2,马龙,中国,3023
2014,8,3,樊振东,中国,2971
2014,8,4,奥恰洛夫,德国,2785
2014,8,5,张继科,中国,2769
2014,8,6,王皓,中国,2732
2014,8,7,庄智渊,中华台北,2710
2014,8,8,水谷隼,日本,2700
2014,8,9,闫安,中国,2625
2014,8,10,波尔,德国,2610
2014,9,1,许昕,中国,3063
2014,9,2,樊振东,中国,3003
2014,9,3,马龙,中国,2983
2014,9,4,张继科,中国,2769
2014,9,5,奥恰洛夫,德国,2755
2014,9,6,王皓,中国,2712
2014,9,7,水谷隼,日本,2700
2014,9,8,庄智渊,中华台北,2685
2014,9,9,波尔,德国,2610
2014,9,10,闫安,中国,2605
2014,10,1,许昕,中国,3063
2014,10,2,樊振东,中国,3003
2014,10,3,马龙,中国,2983
2014,10,4,张继科,中国,2769
2014,10,5,奥恰洛夫,德国,2726
2014,10,6,王皓,中国,2712
2014,10,7,水谷隼,日本,2700
2014,10,8,庄智渊,中华台北,2685
2014,10,9,波尔,德国,2618
2014,10,10,闫安,中国,2605
2014,11,1,许昕,中国,3058
2014,11,2,马龙,中国,3023
2014,11,3,樊振东,中国,2985
2014,11,4,张继科,中国,2886
2014,11,5,水谷隼,日本,2765
2014,11,6,奥恰洛夫,德国,2697
2014,11,7,庄智渊,中华台北,2688
2014,11,8,波尔,德国,2653
2014,11,9,弗雷塔斯,葡萄牙,2545
2014,11,10,萨姆索诺夫,白俄罗斯,2527
2014,12,1,许昕,中国,3061
2014,12,2,马龙,中国,3023
2014,12,3,樊振东,中国,2976
2014,12,4,张继科,中国,2861
2014,12,5,水谷隼,日本,2755
2014,12,6,王皓,中国,2743
2014,12,7,奥恰洛夫,德国,2677
2014,12,8,庄智渊,中华台北,2650
2014,12,9,波尔,德国,2623
2014,12,10,闫安,中国,2600
2015,1,1,许昕,中国,3043
2015,1,2,马龙,中国,3023
2015,1,3,樊振东,中国,2955
2015,1,4,张继科,中国,2861
2015,1,5,水谷隼,日本,2838
2015,1,6,奥恰洛夫,德国,2746
2015,1,7,王皓,中国,2743
2015,1,8,庄智渊,中华台北,2681
2015,1,9,波尔,德国,2623
2015,1,10,弗雷塔斯,葡萄牙,2599
2015,2,1,许昕,中国,2991
2015,2,2,马龙,中国,2975
2015,2,3,樊振东,中国,2925
2015,2,4,张继科,中国,2839
2015,2,5,水谷隼,日本,2838
2015,2,6,奥恰洛夫,德国,2722
2015,2,7,王皓,中国,2713
2015,2,8,庄智渊,中华台北,2657
2015,2,9,波尔,德国,2623
2015,2,10,弗雷塔斯,葡萄牙,2585
2015,3,1,马龙,中国,3075
2015,3,2,许昕,中国,2993
2015,3,3,樊振东,中国,2893
2015,3,4,张继科,中国,2879
2015,3,5,水谷隼,日本,2784
2015,3,6,奥恰洛夫,德国,2783
2015,3,7,王皓,中国,2713
2015,3,8,庄智渊,中华台北,2665
2015,3,9,弗雷塔斯,葡萄牙,2648
2015,3,10,萨姆索诺夫,白俄罗斯,2607
2015,4,1,马龙,中国,3113
2015,4,2,许昕,中国,3028
2015,4,3,张继科,中国,2937
2015,4,4,樊振东,中国,2900
2015,4,5,水谷隼,日本,2776
2015,4,6,奥恰洛夫,德国,2773
2015,4,7,波尔,德国,2662
2015,4,8,弗雷塔斯,葡萄牙,2648
2015,4,9,萨姆索诺夫,白俄罗斯,2623
2015,4,10,庄智渊,中华台北,2614
2015,5,1,马龙,中国,3203
2015,5,2,许昕,中国,3030
2015,5,3,张继科,中国,2969
2015,5,4,樊振东,中国,2967
2015,5,5,水谷隼,日本,2830
2015,5,6,奥恰洛夫,德国,2761
2015,5,7,波尔,德国,2707
2015,5,8,方博,中国,2693
2015,5,9,萨姆索诺夫,白俄罗斯,2660
2015,5,10,弗雷塔斯,葡萄牙,2656
2015,6,1,马龙,中国,3203
2015,6,2,许昕,中国,3030
2015,6,3,张继科,中国,2969
2015,6,4,樊振东,中国,2967
2015,6,5,水谷隼,日本,2830
2015,6,6,奥恰洛夫,德国,2761
2015,6,7,波尔,德国,2732
2015,6,8,方博,中国,2693
2015,6,9,萨姆索诺夫,白俄罗斯,2660
2015,6,10,弗雷塔斯,葡萄牙,2656
2015,7,1,马龙,中国,3143
2015,7,2,许昕,中国,3000
2015,7,3,樊振东,中国,2971
2015,7,4,张继科,中国,2933
2015,7,5,水谷隼,日本,2793
2015,7,6,奥恰洛夫,德国,2790
2015,7,7,波尔,德国,2733
2015,7,8,萨姆索诺夫,白俄罗斯,2675
2015,7,9,方博,中国,2664
2015,7,10,弗雷塔斯,葡萄牙,2658
2015,8,1,马龙,中国,3143
2015,8,2,许昕,中国,3000
2015,8,3,樊振东,中国,2971
2015,8,4,张继科,中国,2933
2015,8,5,奥恰洛夫,德国,2790
2015,8,6,水谷隼,日本,2784
2015,8,7,波尔,德国,2733
2015,8,8,萨姆索诺夫,白俄罗斯,2675
2015,8,9,方博,中国,2664
2015,8,10,弗雷塔斯,葡萄牙,2658
2015,9,1,马龙,中国,3209
2015,9,2,许昕,中国,3064
2015,9,3,樊振东,中国,2976
2015,9,4,张继科,中国,2938
2015,9,5,水谷隼,日本,2784
2015,9,6,奥恰洛夫,德国,2784
2015,9,7,波尔,德国,2763
2015,9,8,方博,中国,2701
2015,9,9,弗雷塔斯,葡萄牙,2693
2015,9,10,萨姆索诺夫,白俄罗斯,2646
2015,10,1,马龙,中国,3184
2015,10,2,许昕,中国,3096
2015,10,3,樊振东,中国,3041
2015,10,4,张继科,中国,2920
2015,10,5,奥恰洛夫,德国,2904
2015,10,6,水谷隼,日本,2859
2015,10,7,波尔,德国,2763
2015,10,8,弗雷塔斯,葡萄牙,2722
2015,10,9,方博,中国,2721
2015,10,10,庄智渊,中华台北,2679
2015,11,1,马龙,中国,3199
2015,11,2,樊振东,中国,3145
2015,11,3,许昕,中国,3099
2015,11,4,奥恰洛夫,德国,2978
2015,11,5,张继科,中国,2879
2015,11,6,水谷隼,日本,2842
2015,11,7,弗雷塔斯,葡萄牙,2734
2015,11,8,波尔,德国,2721
2015,11,8,方博,中国,2721
2015,11,10,庄智渊,中华台北,2675
2015,12,1,马龙,中国,3199
2015,12,2,樊振东,中国,3168
2015,12,3,许昕,中国,3108
2015,12,4,奥恰洛夫,德国,2938
2015,12,5,张继科,中国,2873
2015,12,6,水谷隼,日本,2811
2015,12,7,波尔,德国,2721
2015,12,8,弗雷塔斯,葡萄牙,2708
2015,12,9,庄智渊,中华台北,2706
2015,12,10,方博,中国,2679
2016,1,1,马龙,中国,3275
2016,1,1,马龙,中国,3275
2016,1,2,樊振东,中国,3232
2016,1,2,樊振东,中国,3232
2016,1,3,许昕,中国,3142
2016,1,3,许昕,中国,3142
2016,1,4,奥恰洛夫,德国,2928
2016,1,5,张继科,中国,2914
2016,1,6,水谷隼,日本,2775
2016,1,6,水谷隼,日本,2775
2016,1,7,庄智渊,中华台北,2712
2016,1,7,庄智渊,中华台北,2712
2016,1,8,弗雷塔斯,葡萄牙,2695
2016,1,8,弗雷塔斯,葡萄牙,2695
2016,1,9,方博,中国,2679
2016,1,9,方博,中国,2679
2016,1,10,萨姆索诺夫,白俄罗斯,2627
2016,2,1,马龙,中国,3339
2016,2,2,樊振东,中国,3232
2016,2,3,许昕,中国,3142
2016,2,4,张继科,中国,2965
2016,2,5,奥恰洛夫,德国,2954
2016,2,6,庄智渊,中华台北,2842
2016,2,7,水谷隼,日本,2775
2016,2,8,萨姆索诺夫,白俄罗斯,2747
2016,2,9,波尔,德国,2739
2016,2,10,方博,中国,2716
2016,3,1,马龙,中国,3291
2016,3,2,樊振东,中国,3200
2016,3,3,许昕,中国,3106
2016,3,4,张继科,中国,2949
2016,3,5,奥恰洛夫,德国,2924
2016,3,6,水谷隼,日本,2783
2016,3,7,庄智渊,中华台北,2776
2016,3,8,方博,中国,2694
2016,3,9,萨姆索诺夫,白俄罗斯,2676
2016,3,10,波尔,德国,2675
2016,4,1,马龙,中国,3351
2016,4,2,樊振东,中国,3256
2016,4,3,许昕,中国,3153
2016,4,4,张继科,中国,3058
2016,4,5,奥恰洛夫,德国,2985
2016,4,6,庄智渊,中华台北,2805
2016,4,7,水谷隼,日本,2800
2016,4,8,萨姆索诺夫,白俄罗斯,2719
2016,4,9,黄镇廷,中国香港,2699
2016,4,10,方博,中国,2676
2016,5,1,马龙,中国,3303
2016,5,2,樊振东,中国,3214
2016,5,3,许昕,中国,3143
2016,5,4,张继科,中国,3054
2016,5,5,奥恰洛夫,德国,3001
2016,5,6,水谷隼,日本,2866
2016,5,7,庄智渊,中华台北,2838
2016,5,8,黄镇廷,中国香港,2728
2016,5,9,萨姆索诺夫,白俄罗斯,2649
2016,5,10,波尔,德国,2615
2016,6,1,马龙,中国,3303
2016,6,2,樊振东,中国,3214
2016,6,3,许昕,中国,3143
2016,6,4,张继科,中国,3054
2016,6,5,奥恰洛夫,德国,3001
2016,6,6,水谷隼,日本,2868
2016,6,7,庄智渊,中华台北,2851
2016,6,8,黄镇廷,中国香港,2726
2016,6,9,萨姆索诺夫,白俄罗斯,2649
2016,6,10,波尔,德国,2615
2016,7,1,马龙,中国,3340
2016,7,2,樊振东,中国,3291
2016,7,3,许昕,中国,3278
2016,7,4,张继科,中国,3084
2016,7,5,奥恰洛夫,德国,2983
2016,7,6,水谷隼,日本,2951
2016,7,7,庄智渊,中华台北,2879
2016,7,8,黄镇廷,中国香港,2789
2016,7,9,萨姆索诺夫,白俄罗斯,2674
2016,7,10,JEOUNG Youngsik,韩国,2671
2016,8,1,马龙,中国,3340
2016,8,2,樊振东,中国,3291
2016,8,3,许昕,中国,3278
2016,8,4,张继科,中国,3084
2016,8,5,奥恰洛夫,德国,2983
2016,8,6,水谷隼,日本,2936
2016,8,7,庄智渊,中华台北,2879
2016,8,8,黄镇廷,中国香港,2789
2016,8,9,萨姆索诺夫,白俄罗斯,2674
2016,8,10,方博,中国,2656
2016,9,1,马龙,中国,3384
2016,9,2,樊振东,中国,3255
2016,9,3,许昕,中国,3208
2016,9,4,张继科,中国,3136
2016,9,5,水谷隼,日本,3103
2016,9,6,奥恰洛夫,德国,3033
2016,9,7,庄智渊,中华台北,2819
2016,9,8,萨姆索诺夫,白俄罗斯,2754
2016,9,9,黄镇廷,中国香港,2728
2016,9,10,JEOUNG Youngsik,韩国,2644
2016,9,10,弗雷塔斯,葡萄牙,2644
2016,10,1,马龙,中国,3453
2016,10,2,樊振东,中国,3304
2016,10,3,许昕,中国,3184
2016,10,4,张继科,中国,3158
2016,10,5,水谷隼,日本,3067
2016,10,6,奥恰洛夫,德国,2965
2016,10,7,黄镇廷,中国香港,2779
2016,10,8,庄智渊,中华台北,2775
2016,10,9,萨姆索诺夫,白俄罗斯,2764
2016,10,10,JEOUNG Youngsik,韩国,2616
2016,11,1,马龙,中国,3453
2016,11,2,樊振东,中国,3304
2016,11,3,许昕,中国,3184
2016,11,4,张继科,中国,3158
2016,11,5,水谷隼,日本,3067
2016,11,6,奥恰洛夫,德国,2965
2016,11,7,黄镇廷,中国香港,2779
2016,11,8,庄智渊,中华台北,2775
2016,11,9,萨姆索诺夫,白俄罗斯,2764
2016,11,10,JEOUNG Youngsik,韩国,2616
2016,12,1,马龙,中国,3412
2016,12,2,樊振东,中国,3260
2016,12,3,许昕,中国,3179
2016,12,4,张继科,中国,3118
2016,12,5,水谷隼,日本,3003
2016,12,6,奥恰洛夫,德国,2910
2016,12,7,黄镇廷,中国香港,2822
2016,12,8,萨姆索诺夫,白俄罗斯,2772
2016,12,9,庄智渊,中华台北,2709
2016,12,10,JEOUNG Youngsik,韩国,2658
2017,1,1,马龙,中国,3430
2017,1,2,樊振东,中国,3272
2017,1,3,许昕,中国,3177
2017,1,4,张继科,中国,3082
2017,1,5,水谷隼,日本,2982
2017,1,6,奥恰洛夫,德国,2913
2017,1,7,黄镇廷,中国香港,2834
2017,1,8,萨姆索诺夫,白俄罗斯,2751
2017,1,9,JEOUNG Youngsik,韩国,2729
2017,1,10,庄智渊,中华台北,2708
2017,2,1,马龙,中国,3376
2017,2,2,樊振东,中国,3272
2017,2,3,许昕,中国,3177
2017,2,4,水谷隼,日本,2982
2017,2,5,奥恰洛夫,德国,2883
2017,2,6,黄镇廷,中国香港,2810
2017,2,7,JEOUNG Youngsik,韩国,2711
2017,2,8,萨姆索诺夫,白俄罗斯,2700
2017,2,9,庄智渊,中华台北,2630
2017,2,10,波尔,德国,2604
2017,3,1,马龙,中国,3445
2017,3,2,樊振东,中国,3319
2017,3,3,许昕,中国,3180
2017,3,4,张继科,中国,3048
2017,3,5,奥恰洛夫,德国,2960
2017,3,6,水谷隼,日本,2951
2017,3,7,黄镇廷,中国香港,2829
2017,3,8,JEOUNG Youngsik,韩国,2708
2017,3,9,庄智渊,中华台北,2704
2017,3,10,方博,中国,2665
2017,4,1,马龙,中国,3343
2017,4,2,樊振东,中国,3235
2017,4,3,许昕,中国,3108
2017,4,4,张继科,中国,2964
2017,4,5,奥恰洛夫,德国,2894
2017,4,6,水谷隼,日本,2881
2017,4,7,黄镇廷,中国香港,2775
2017,4,8,JEOUNG Youngsik,韩国,2666
2017,4,9,方博,中国,2665
2017,4,10,庄智渊,中华台北,2656
2017,5,1,马龙,中国,3335
2017,5,2,樊振东,中国,3279
2017,5,3,许昕,中国,3078
2017,5,4,张继科,中国,2957
2017,5,5,奥恰洛夫,德国,2862
2017,5,6,水谷隼,日本,2835
2017,5,7,黄镇廷,中国香港,2752
2017,5,8,波尔,德国,2694
2017,5,9,方博,中国,2665
2017,5,10,庄智渊,中华台北,2651
2017,6,1,马龙,中国,3437
2017,6,2,樊振东,中国,3346
2017,6,3,许昕,中国,3129
2017,6,4,张继科,中国,2953
2017,6,5,奥恰洛夫,德国,2880
2017,6,6,水谷隼,日本,2807
2017,6,7,黄镇廷,中国香港,2792
2017,6,8,波尔,德国,2754
2017,6,9,丹羽孝希,日本,2746
2017,6,10,庄智渊,中华台北,2690
2017,7,1,马龙,中国,3427
2017,7,2,樊振东,中国,3309
2017,7,3,许昕,中国,3072
2017,7,4,奥恰洛夫,德国,2965
2017,7,5,张继科,中国,2893
2017,7,6,波尔,德国,2793
2017,7,7,水谷隼,日本,2790
2017,7,8,黄镇廷,中国香港,2783
2017,7,9,丹羽孝希,日本,2779
2017,7,10,方博,中国,2645
